Comment,Designator,Footprint,LCSC Part #
CL31A106KBHNNNE,"C1,C9,C17",C1206,C13585
CL10B104KB8NNNC,"C2,C5,C6,C10,C11,C12,C13,C15,C16,C18",C_0603_1608Metric,C1591
CL10C222JB8NNNC,C3,C_0603_1608Metric,C33353
CL10C220JB8NNNC,C4,C_0603_1608Metric,C1653
CL31A107MQHNNNE,"C7,C8",C1206,C15008
CL10A105KB8NNNC,C14,C_0603_1608Metric,C15849
SS34,"D2,D3",SMA_L4.3-W2.6-LS5.2-RD,C8678
SS14,"D4,D5,D6,D7,D8,D9,D10,D11,D12,D13,D14,D15",SMA_L4.2-W2.6-LS5.0-RD_1,C2480
TYPE-C-31-M-12,J1,USB-C_SMD-TYPE-C-31-M-12_1,C165948
TYPE-C_6P,J2,TYPE-C-SMD_TYPE-C-6P_1,C456012
WAFER-XH2_54-2PZZ,"J10,J11,J12,J13,J14,J15,J16,J17,J20,J21,J22",CONN-SMD_2P-P2.54_MEGASTAR_ZX-XH2.54-2PWT,C7429671
WAFER-XH2_54-2PZZ,J23,CONN-SMD_2P-P2.54_MEGASTAR_ZX-XH2.54-2PWT,C7429671
CDRH103RNP-6R8NC-B,L1,IND-SMD_L10.2-W10.0,C167253
XL-5050RGBC-WS2812B,LED1,LED-SMD_4P-L5.0-W5.0-BL_XL-5050RGBC,C2843785
KT-0603R,LED2,LED-SMD_L1.6-W0.8-R-RD,C2286
Blue_light_0603,LED3,LED0603-RD,C2288
LTST-C191KSKT,LED4,LED0603-RD-YELLOW,C125100
LTST-C191KSKT,LED5,LED0603-RD-YELLOW,C125100
AO3400A,"Q3,Q4,Q5,Q6,Q7,Q8,Q9,Q10,Q13,Q14,Q15,Q16",SOT-23-3_L2.9-W1.3-P1.90-LS2.4-BR,C20917
SS8050,"Q11,Q12",SOT-23-3_L3.0-W1.3-P1.90-LS2.5-BR,C181160
0603WAF5101T5E,"R1,R2,R63,R64",R0603,C23186
RC0603FR-07100KL,R3,R0603,C14675
0603WAF1002T5E,"R4,R6,R7,R13,R14,R15,R16,R21,R22,R27,R28,R29,R30,R31,R32,R33,R34,R35,R36,R37,R38,R47,R48,R49,R50,R51,R52,R53,R54,R59,R60,R61,R62",R0603,C25804
0603WAF3241T5E,R5,R0603,C22994
0603WAF4701T5E,"R8,R9",R0603,C23162
0603WAF1001T5E,"R10,R11,R19,R20,R23,R24,R25,R26,R39,R40,R41,R42,R43,R44,R45,R46,R55,R56,R57,R58",R0603,C21190
0603WAF3300T5E,R12,R0603,C23138
0603WAF220JT5E,"R17,R18",R0603,C23345
ST-1185S,SW1,SW-SMD_ST-1185S,C589191
ST-1185S,SW2,SW-SMD_ST-1185S,C589191
ST-1185S,SW3,SW-SMD_ST-1185S,C589191
ESP32-S3-WROOM-1_N16R8,U1,WIRELM-SMD_ESP32-S3-WROOM-1,C2913202
TCA9548APWR,U2,TSSOP-24_L7.8-W4.4-P0.65-LS6.4-BL,C130026
TPS54331DR,U3,SOIC-8_L5.0-W4.0-P1.27-LS6.0-BL,C9865
CH340K,U4,ESOP-10_L4.9-W3.9-P1.00-LS6.2-BL-EP,C968586
USBLC6-2SC6,"U5,U7",SOT-23-6_L2.9-W1.6-P0.95-LS2.8-BL,C7519
WAFER-XH2_54-4PZZ,"J5,J6,J7,J8,J9",CONN-TH_4P-P2.54_6173868,C5359632
WAFER-XH2_54-4PZZ,J18,CONN-TH_4P-P2.54_6173868,C5359632
WAFER-XH2_54-4PZZ,J19,CONN-TH_4P-P2.54_6173868,C5359632
