Ref,Val,Package,PosX,PosY,Rot,Side
"C1","10uF","C1206",30.000000,-33.500000,0.000000,top
"C2","100nF","C_0603_1608Metric",30.000000,-38.500000,0.000000,top
"C3","2.2nF","C_0603_1608Metric",22.000000,-53.000000,0.000000,top
"C4","22pF","C_0603_1608Metric",27.000000,-54.000000,0.000000,top
"C5","100nF","C_0603_1608Metric",31.800000,-41.500000,90.000000,top
"C6","100nF","C_0603_1608Metric",18.500000,-45.000000,90.000000,top
"C7","100uF","C1206",56.000000,-40.500000,90.000000,top
"C8","100uF","C1206",56.000000,-47.500000,90.000000,top
"C9","10uF","C1206",63.000000,-55.000000,90.000000,top
"C10","100nF","C_0603_1608Metric",43.000000,-14.000000,0.000000,top
"C11","100nF","C_0603_1608Metric",77.000000,-51.500000,0.000000,top
"C12","100nF","C_0603_1608Metric",79.500000,-27.000000,0.000000,top
"C13","100nF","C_0603_1608Metric",58.000000,-17.500000,0.000000,top
"C14","1uF","C_0603_1608Metric",6.500000,-13.000000,0.000000,top
"C15","100nF","C_0603_1608Metric",34.500000,-51.500000,90.000000,top
"C16","100nF","C_0603_1608Metric",81.500000,-60.500000,0.000000,top
"C17","10uF","C1206",16.000000,-24.000000,90.000000,top
"C18","100nF","C_0603_1608Metric",42.000000,-29.000000,0.000000,top
"D2","SS34","SMA_L4.3-W2.6-LS5.2-RD",24.000000,-38.500000,0.000000,top
"D3","SS34","SMA_L4.3-W2.6-LS5.2-RD",40.000000,-51.500000,0.000000,top
"D4","SS14","SMA_L4.2-W2.6-LS5.0-RD_1",7.900000,-66.000000,180.000000,top
"D5","SS14","SMA_L4.2-W2.6-LS5.0-RD_1",18.900000,-66.000000,180.000000,top
"D6","SS14","SMA_L4.2-W2.6-LS5.0-RD_1",29.900000,-66.000000,180.000000,top
"D7","SS14","SMA_L4.2-W2.6-LS5.0-RD_1",40.900000,-66.000000,180.000000,top
"D8","SS14","SMA_L4.2-W2.6-LS5.0-RD_1",51.900000,-66.000000,180.000000,top
"D9","SS14","SMA_L4.2-W2.6-LS5.0-RD_1",62.900000,-66.000000,180.000000,top
"D10","SS14","SMA_L4.2-W2.6-LS5.0-RD_1",73.900000,-66.000000,180.000000,top
"D11","SS14","SMA_L4.2-W2.6-LS5.0-RD_1",84.900000,-66.000000,180.000000,top
"D12","SS14","SMA_L4.2-W2.6-LS5.0-RD_1",81.000000,-23.000000,180.000000,top
"D13","SS14","SMA_L4.2-W2.6-LS5.0-RD_1",81.000000,-34.000000,180.000000,top
"D14","SS14","SMA_L4.2-W2.6-LS5.0-RD_1",81.000000,-45.000000,180.000000,top
"D15","SS14","SMA_L4.2-W2.6-LS5.0-RD_1",81.000000,-56.000000,180.000000,top
"J1","USB-C PWR","USB-C_SMD-TYPE-C-31-M-12_1",4.500000,-19.000000,90.000000,top
"J2","USB-C","TYPE-C-SMD_TYPE-C-6P_1",96.400000,-6.000000,-90.000000,top
"J5","XH-4P","CONN-TH_4P-P2.54_6173868",94.500000,-74.000000,180.000000,top
"J6","XH-4P","CONN-TH_4P-P2.54_6173868",5.000000,-52.000000,90.000000,top
"J7","XH-4P","CONN-TH_4P-P2.54_6173868",84.700000,-4.000000,0.000000,top
"J8","XH-4P","CONN-TH_4P-P2.54_6173868",5.000000,-38.500000,90.000000,top
"J9","XH-4P","CONN-TH_4P-P2.54_6173868",44.800000,-4.000000,0.000000,top
"J10","VALVE","CONN-SMD_2P-P2.54_MEGASTAR_ZX-XH2.54-2PWT",5.400000,-74.000000,180.000000,top
"J11","VALVE","CONN-SMD_2P-P2.54_MEGASTAR_ZX-XH2.54-2PWT",16.399999,-74.000000,180.000000,top
"J12","VALVE","CONN-SMD_2P-P2.54_MEGASTAR_ZX-XH2.54-2PWT",27.400000,-74.000000,180.000000,top
"J13","VALVE","CONN-SMD_2P-P2.54_MEGASTAR_ZX-XH2.54-2PWT",38.400000,-74.000000,180.000000,top
"J14","VALVE","CONN-SMD_2P-P2.54_MEGASTAR_ZX-XH2.54-2PWT",49.400000,-74.000000,180.000000,top
"J15","VALVE","CONN-SMD_2P-P2.54_MEGASTAR_ZX-XH2.54-2PWT",60.400000,-74.000000,180.000000,top
"J16","VALVE","CONN-SMD_2P-P2.54_MEGASTAR_ZX-XH2.54-2PWT",71.400000,-74.000000,180.000000,top
"J17","VALVE","CONN-SMD_2P-P2.54_MEGASTAR_ZX-XH2.54-2PWT",82.400000,-74.000000,180.000000,top
"J18","DEBUG-UART","CONN-TH_4P-P2.54_6173868",58.100000,-4.000000,0.000000,top
"J19","DEBUG-GPIO","CONN-TH_4P-P2.54_6173868",71.400000,-4.000000,0.000000,top
"J20","VALVE","CONN-SMD_2P-P2.54_MEGASTAR_ZX-XH2.54-2PWT",94.000000,-17.500000,-90.000000,top
"J21","VALVE","CONN-SMD_2P-P2.54_MEGASTAR_ZX-XH2.54-2PWT",94.000000,-28.500000,-90.000000,top
"J22","VALVE","CONN-SMD_2P-P2.54_MEGASTAR_ZX-XH2.54-2PWT",94.000000,-39.500000,-90.000000,top
"J23","PUMP","CONN-SMD_2P-P2.54_MEGASTAR_ZX-XH2.54-2PWT",94.000000,-50.500000,-90.000000,top
"L1","6.8uH","IND-SMD_L10.2-W10.0",41.000000,-43.000000,0.000000,top
"LED1","WS2812B","LED-SMD_4P-L5.0-W5.0-BL_XL-5050RGBC",52.500000,-14.000000,0.000000,top
"LED2","PWR","LED-SMD_L1.6-W0.8-R-RD",56.000000,-30.500000,90.000000,top
"LED3","USER","LED0603-RD",50.500000,-30.000000,90.000000,top
"LED4","TX","LED0603-RD-YELLOW",68.000000,-34.000000,90.000000,top
"LED5","RX","LED0603-RD-YELLOW",68.000000,-44.000000,90.000000,top
"Q3","AO3400A","SOT-23-3_L2.9-W1.3-P1.90-LS2.4-BR",2.400000,-66.000000,0.000000,top
"Q4","AO3400A","SOT-23-3_L2.9-W1.3-P1.90-LS2.4-BR",13.399999,-66.000000,0.000000,top
"Q5","AO3400A","SOT-23-3_L2.9-W1.3-P1.90-LS2.4-BR",24.400000,-66.000000,0.000000,top
"Q6","AO3400A","SOT-23-3_L2.9-W1.3-P1.90-LS2.4-BR",35.400000,-66.000000,0.000000,top
"Q7","AO3400A","SOT-23-3_L2.9-W1.3-P1.90-LS2.4-BR",46.400000,-66.000000,0.000000,top
"Q8","AO3400A","SOT-23-3_L2.9-W1.3-P1.90-LS2.4-BR",57.400000,-66.000000,0.000000,top
"Q9","AO3400A","SOT-23-3_L2.9-W1.3-P1.90-LS2.4-BR",68.400000,-66.000000,0.000000,top
"Q10","AO3400A","SOT-23-3_L2.9-W1.3-P1.90-LS2.4-BR",79.400000,-66.000000,0.000000,top
"Q11","SS8050","SOT-23-3_L3.0-W1.3-P1.90-LS2.5-BR",72.000000,-28.000000,90.000000,top
"Q12","SS8050","SOT-23-3_L3.0-W1.3-P1.90-LS2.5-BR",72.000000,-34.000000,90.000000,top
"Q13","AO3400A","SOT-23-3_L2.9-W1.3-P1.90-LS2.4-BR",86.000000,-23.000000,0.000000,top
"Q14","AO3400A","SOT-23-3_L2.9-W1.3-P1.90-LS2.4-BR",86.000000,-34.000000,0.000000,top
"Q15","AO3400A","SOT-23-3_L2.9-W1.3-P1.90-LS2.4-BR",86.000000,-45.000000,0.000000,top
"Q16","AO3400A","SOT-23-3_L2.9-W1.3-P1.90-LS2.4-BR",86.000000,-56.000000,0.000000,top
"R1","5.1k","R0603",90.500000,-9.000000,90.000000,top
"R2","5.1k","R0603",83.000000,-19.000000,90.000000,top
"R3","100k","R0603",21.000000,-34.000000,90.000000,top
"R4","10k","R0603",52.500000,-42.000000,90.000000,top
"R5","3.24k","R0603",52.500000,-47.000000,90.000000,top
"R6","10k","R0603",18.500000,-50.000000,90.000000,top
"R7","10k","R0603",16.500000,-19.000000,0.000000,top
"R8","4.7k","R0603",52.000000,-27.000000,0.000000,top
"R9","4.7k","R0603",56.500000,-27.000000,0.000000,top
"R10","1k","R0603",76.500000,-30.000000,90.000000,top
"R11","1k","R0603",76.500000,-34.500000,90.000000,top
"R12","330R","R0603",52.500000,-20.500000,90.000000,top
"R13","10k","R0603",24.000000,-31.000000,0.000000,top
"R14","10k","R0603",28.500000,-31.000000,0.000000,top
"R15","10k","R0603",34.000000,-31.000000,0.000000,top
"R16","10k","R0603",39.000000,-31.000000,0.000000,top
"R17","22R","R0603",69.000000,-12.500000,90.000000,top
"R18","22R","R0603",69.000000,-16.500000,90.000000,top
"R19","1k","R0603",62.000000,-22.000000,0.000000,top
"R20","1k","R0603",66.500000,-22.000000,0.000000,top
"R21","10k","R0603",62.000000,-26.000000,0.000000,top
"R22","10k","R0603",66.500000,-26.000000,0.000000,top
"R23","1k","R0603",56.000000,-35.000000,90.000000,top
"R24","1k","R0603",48.500000,-35.000000,90.000000,top
"R25","1k","R0603",68.000000,-39.000000,90.000000,top
"R26","1k","R0603",68.000000,-53.000000,90.000000,top
"R27","10k","R0603",45.500000,-34.500000,90.000000,top
"R28","10k","R0603",57.000000,-57.000000,90.000000,top
"R29","10k","R0603",60.000000,-30.000000,90.000000,top
"R30","10k","R0603",60.000000,-34.800000,90.000000,top
"R31","10k","R0603",60.000000,-39.600000,90.000000,top
"R32","10k","R0603",60.000000,-44.400000,90.000000,top
"R33","10k","R0603",60.000000,-49.200000,90.000000,top
"R34","10k","R0603",64.000000,-30.000000,90.000000,top
"R35","10k","R0603",64.000000,-34.800000,90.000000,top
"R36","10k","R0603",64.000000,-39.600000,90.000000,top
"R37","10k","R0603",64.000000,-44.400000,90.000000,top
"R38","10k","R0603",64.000000,-49.200000,90.000000,top
"R39","1k","R0603",1.900000,-61.000000,90.000000,top
"R40","1k","R0603",12.899999,-61.000000,90.000000,top
"R41","1k","R0603",23.900000,-61.000000,90.000000,top
"R42","1k","R0603",34.900000,-61.000000,90.000000,top
"R43","1k","R0603",45.900000,-61.000000,90.000000,top
"R44","1k","R0603",56.900000,-61.000000,90.000000,top
"R45","1k","R0603",67.900000,-61.000000,90.000000,top
"R46","1k","R0603",78.900000,-61.000000,90.000000,top
"R47","10k","R0603",8.900000,-61.000000,90.000000,top
"R48","10k","R0603",19.900000,-61.000000,90.000000,top
"R49","10k","R0603",30.900000,-61.000000,90.000000,top
"R50","10k","R0603",41.900000,-61.000000,90.000000,top
"R51","10k","R0603",52.900000,-61.000000,90.000000,top
"R52","10k","R0603",63.900000,-61.000000,90.000000,top
"R53","10k","R0603",74.900000,-61.000000,90.000000,top
"R54","10k","R0603",85.900000,-61.000000,90.000000,top
"R55","1k","R0603",80.000000,-18.500000,90.000000,top
"R56","1k","R0603",80.000000,-29.500000,90.000000,top
"R57","1k","R0603",80.000000,-40.500000,90.000000,top
"R58","1k","R0603",80.000000,-51.500000,90.000000,top
"R59","10k","R0603",86.500000,-18.500000,90.000000,top
"R60","10k","R0603",86.500000,-29.500000,90.000000,top
"R61","10k","R0603",86.500000,-40.500000,90.000000,top
"R62","10k","R0603",86.500000,-51.500000,90.000000,top
"R63","5.1k","R0603",11.000000,-14.500000,90.000000,top
"R64","5.1k","R0603",11.000000,-23.500000,90.000000,top
"SW1","RST","SW-SMD_ST-1185S",8.000000,-8.500000,0.000000,top
"SW2","BOOT","SW-SMD_ST-1185S",15.000000,-10.500000,0.000000,top
"SW3","USER","SW-SMD_ST-1185S",48.000000,-51.000000,0.000000,top
"U1","ESP32-S3-WROOM-1-N16R8","WIRELM-SMD_ESP32-S3-WROOM-1",28.000000,-16.500000,0.000000,top
"U2","TCA9548APWR","TSSOP-24_L7.8-W4.4-P0.65-LS6.4-BL",73.500000,-44.000000,0.000000,top
"U3","TPS54331DR","SOIC-8_L5.0-W4.0-P1.27-LS6.0-BL",25.000000,-45.000000,0.000000,top
"U4","CH340K","ESOP-10_L4.9-W3.9-P1.00-LS6.2-BL-EP",74.500000,-21.500000,0.000000,top
"U5","USBLC6-2SC6","SOT-23-6_L2.9-W1.6-P0.95-LS2.8-BL",74.500000,-14.000000,0.000000,top
"U6","XGZP6897D","XGZP6897D-SOP8-W7.96-P2.54",44.000000,-22.000000,0.000000,top
"U7","USBLC6-2SC6","SOT-23-6_L2.9-W1.6-P0.95-LS2.8-BL",12.500000,-19.000000,0.000000,top
