# FLOWIO-P1 贴片坐标 (JLC CPL 格式: Ref,Val,Package,PosX,PosY,Rot,Side)
#   与 flowio-p1-pos.csv 内容一致; PosY 为负是 KiCad 向下 y 轴导出方向, JLC 直接接受,
#   核对法: 任取 3 行与 fab/assembly-top.pdf 对照 (如 U1 应在板左上、J10-J17 在板底边)。
#   若 JLC 上传器报表头错误: 删除本文件所有 # 行后再传 (原版无注释文件 flowio-p1-pos.csv 仍在)。
Ref,Val,Package,PosX,PosY,Rot,Side
"C1","10uF","C1206",30.000000,-33.500000,0.000000,top
"C2","100nF","C_0603_1608Metric",30.000000,-38.500000,0.000000,top
"C3","2.2nF","C_0603_1608Metric",23.000000,-50.500000,0.000000,top
"C4","22pF","C_0603_1608Metric",27.500000,-50.500000,0.000000,top
"C5","100nF","C_0603_1608Metric",31.800000,-41.500000,90.000000,top
"C6","100nF","C_0603_1608Metric",18.500000,-45.000000,90.000000,top
"C7","100uF","C1206",56.000000,-40.000000,90.000000,top
"C8","100uF","C1206",56.000000,-45.500000,90.000000,top
"C9","10uF","C1206",43.000000,-9.000000,0.000000,top
"C10","100nF","C_0603_1608Metric",43.000000,-14.000000,0.000000,top
"C11","100nF","C_0603_1608Metric",79.500000,-50.000000,0.000000,top
"C12","100nF","C_0603_1608Metric",80.000000,-25.500000,0.000000,top
"C13","100nF","C_0603_1608Metric",55.500000,-17.500000,0.000000,top
"C14","1uF","C_0603_1608Metric",6.500000,-13.000000,0.000000,top
"C15","100nF","C_0603_1608Metric",34.500000,-51.500000,90.000000,top
"C16","100nF","C_0603_1608Metric",78.500000,-56.500000,90.000000,top
"C17","10uF","C1206",17.000000,-24.000000,90.000000,top
"D1","SS34","SMA_L4.3-W2.6-LS5.2-RD",23.500000,-33.500000,0.000000,top
"D2","SS34","SMA_L4.3-W2.6-LS5.2-RD",24.000000,-38.500000,0.000000,top
"D3","SS34","SMA_L4.3-W2.6-LS5.2-RD",48.500000,-43.000000,0.000000,top
"D4","SS14","SMA_L4.2-W2.6-LS5.0-RD_1",8.900000,-60.500000,180.000000,top
"D5","SS14","SMA_L4.2-W2.6-LS5.0-RD_1",19.900000,-60.500000,180.000000,top
"D6","SS14","SMA_L4.2-W2.6-LS5.0-RD_1",30.900000,-60.500000,180.000000,top
"D7","SS14","SMA_L4.2-W2.6-LS5.0-RD_1",41.900000,-60.500000,180.000000,top
"D8","SS14","SMA_L4.2-W2.6-LS5.0-RD_1",52.900000,-60.500000,180.000000,top
"D9","SS14","SMA_L4.2-W2.6-LS5.0-RD_1",63.900000,-60.500000,180.000000,top
"D10","SS14","SMA_L4.2-W2.6-LS5.0-RD_1",74.900000,-60.500000,180.000000,top
"D11","SS14","SMA_L4.2-W2.6-LS5.0-RD_1",85.900000,-60.500000,180.000000,top
"J1","DC-005","DC-IN-TH_DC005",5.500000,-27.000000,-90.000000,top
"J2","USB-C","TYPE-C-SMD_TYPE-C-6P_1",86.000000,-6.000000,-90.000000,top
"J5","XH-4P","CONN-TH_4P-P2.54_6173868",86.500000,-22.000000,-90.000000,top
"J6","XH-4P","CONN-TH_4P-P2.54_6173868",86.500000,-32.500000,-90.000000,top
"J7","XH-4P","CONN-TH_4P-P2.54_6173868",86.500000,-46.000000,-90.000000,top
"J8","XH-4P","CONN-TH_4P-P2.54_6173868",5.000000,-46.000000,90.000000,top
"J9","XH-4P","CONN-TH_4P-P2.54_6173868",46.000000,-4.000000,0.000000,top
"J10","VALVE","CONN-TH_2P-P5.00_WJ500V-5.08-2P",6.500000,-68.500000,180.000000,top
"J11","VALVE","CONN-TH_2P-P5.00_WJ500V-5.08-2P",17.500000,-68.500000,180.000000,top
"J12","VALVE","CONN-TH_2P-P5.00_WJ500V-5.08-2P",28.500000,-68.500000,180.000000,top
"J13","VALVE","CONN-TH_2P-P5.00_WJ500V-5.08-2P",39.500000,-68.500000,180.000000,top
"J14","VALVE","CONN-TH_2P-P5.00_WJ500V-5.08-2P",50.500000,-68.500000,180.000000,top
"J15","VALVE","CONN-TH_2P-P5.00_WJ500V-5.08-2P",61.500000,-68.500000,180.000000,top
"J16","VALVE","CONN-TH_2P-P5.00_WJ500V-5.08-2P",72.500000,-68.500000,180.000000,top
"J17","VALVE","CONN-TH_2P-P5.00_WJ500V-5.08-2P",83.500000,-68.500000,180.000000,top
"J18","DEBUG-UART","CONN-TH_4P-P2.54_6173868",59.500000,-4.000000,0.000000,top
"J19","DEBUG-GPIO","CONN-TH_4P-P2.54_6173868",73.000000,-4.000000,0.000000,top
"L1","6.8uH","IND-SMD_L10.2-W10.0",39.500000,-43.000000,0.000000,top
"LED1","WS2812B","LED-SMD_4P-L5.0-W5.0-BL_XL-5050RGBC",50.000000,-14.000000,0.000000,top
"LED2","PWR","LED-SMD_L1.6-W0.8-R-RD",58.500000,-29.000000,90.000000,top
"LED3","USER","LED0603-RD",48.500000,-30.000000,90.000000,top
"LED4","TX","LED0603-RD-YELLOW",69.500000,-34.000000,90.000000,top
"LED5","RX","LED0603-RD-YELLOW",69.500000,-44.000000,90.000000,top
"Q3","AO3400A","SOT-23-3_L2.9-W1.3-P1.90-LS2.4-BR",4.100000,-60.500000,0.000000,top
"Q4","AO3400A","SOT-23-3_L2.9-W1.3-P1.90-LS2.4-BR",15.100000,-60.500000,0.000000,top
"Q5","AO3400A","SOT-23-3_L2.9-W1.3-P1.90-LS2.4-BR",26.100000,-60.500000,0.000000,top
"Q6","AO3400A","SOT-23-3_L2.9-W1.3-P1.90-LS2.4-BR",37.100000,-60.500000,0.000000,top
"Q7","AO3400A","SOT-23-3_L2.9-W1.3-P1.90-LS2.4-BR",48.100000,-60.500000,0.000000,top
"Q8","AO3400A","SOT-23-3_L2.9-W1.3-P1.90-LS2.4-BR",59.100000,-60.500000,0.000000,top
"Q9","AO3400A","SOT-23-3_L2.9-W1.3-P1.90-LS2.4-BR",70.100000,-60.500000,0.000000,top
"Q10","AO3400A","SOT-23-3_L2.9-W1.3-P1.90-LS2.4-BR",81.100000,-60.500000,0.000000,top
"Q11","SS8050","SOT-23-3_L3.0-W1.3-P1.90-LS2.5-BR",69.500000,-23.500000,0.000000,top
"Q12","SS8050","SOT-23-3_L3.0-W1.3-P1.90-LS2.5-BR",69.500000,-28.500000,0.000000,top
"R1","5.1k","R0603",78.500000,-10.000000,90.000000,top
"R2","5.1k","R0603",78.500000,-14.000000,90.000000,top
"R3","100k","R0603",21.000000,-28.000000,90.000000,top
"R4","10k","R0603",51.500000,-39.500000,90.000000,top
"R5","3.24k","R0603",51.500000,-44.500000,90.000000,top
"R6","10k","R0603",18.500000,-50.000000,90.000000,top
"R7","10k","R0603",14.000000,-19.000000,0.000000,top
"R8","4.7k","R0603",50.000000,-27.000000,0.000000,top
"R9","4.7k","R0603",54.500000,-27.000000,0.000000,top
"R10","1k","R0603",78.500000,-31.000000,90.000000,top
"R11","1k","R0603",78.500000,-36.000000,90.000000,top
"R12","330R","R0603",50.000000,-20.500000,90.000000,top
"R13","10k","R0603",24.000000,-31.000000,0.000000,top
"R14","10k","R0603",28.500000,-31.000000,0.000000,top
"R15","10k","R0603",34.000000,-31.000000,0.000000,top
"R16","10k","R0603",39.000000,-31.000000,0.000000,top
"R17","22R","R0603",70.000000,-11.000000,90.000000,top
"R18","22R","R0603",70.000000,-15.000000,90.000000,top
"R19","1k","R0603",62.000000,-22.000000,0.000000,top
"R20","1k","R0603",66.500000,-22.000000,0.000000,top
"R21","10k","R0603",62.000000,-26.000000,0.000000,top
"R22","10k","R0603",66.500000,-26.000000,0.000000,top
"R23","1k","R0603",58.500000,-33.500000,90.000000,top
"R24","1k","R0603",48.500000,-35.000000,90.000000,top
"R25","1k","R0603",69.500000,-39.000000,90.000000,top
"R26","1k","R0603",69.500000,-48.500000,90.000000,top
"R27","10k","R0603",46.500000,-34.500000,90.000000,top
"R28","10k","R0603",56.500000,-57.500000,90.000000,top
"R29","10k","R0603",62.000000,-30.000000,90.000000,top
"R30","10k","R0603",62.000000,-34.800000,90.000000,top
"R31","10k","R0603",62.000000,-39.600000,90.000000,top
"R32","10k","R0603",62.000000,-44.400000,90.000000,top
"R33","10k","R0603",62.000000,-49.200000,90.000000,top
"R34","10k","R0603",66.000000,-30.000000,90.000000,top
"R35","10k","R0603",66.000000,-34.800000,90.000000,top
"R36","10k","R0603",66.000000,-39.600000,90.000000,top
"R37","10k","R0603",66.000000,-44.400000,90.000000,top
"R38","10k","R0603",66.000000,-49.200000,90.000000,top
"R39","1k","R0603",4.100000,-55.500000,90.000000,top
"R40","1k","R0603",15.100000,-55.500000,90.000000,top
"R41","1k","R0603",26.100000,-55.500000,90.000000,top
"R42","1k","R0603",37.100000,-55.500000,90.000000,top
"R43","1k","R0603",48.100000,-55.500000,90.000000,top
"R44","1k","R0603",59.100000,-55.500000,90.000000,top
"R45","1k","R0603",70.100000,-55.500000,90.000000,top
"R46","1k","R0603",81.100000,-55.500000,90.000000,top
"R47","10k","R0603",8.900000,-55.500000,90.000000,top
"R48","10k","R0603",19.900000,-55.500000,90.000000,top
"R49","10k","R0603",30.900000,-55.500000,90.000000,top
"R50","10k","R0603",41.900000,-55.500000,90.000000,top
"R51","10k","R0603",52.900000,-55.500000,90.000000,top
"R52","10k","R0603",63.900000,-55.500000,90.000000,top
"R53","10k","R0603",74.900000,-55.500000,90.000000,top
"R54","10k","R0603",85.900000,-55.500000,90.000000,top
"SW1","RST","SW-SMD_ST-1185S",9.000000,-8.500000,0.000000,top
"SW2","BOOT","SW-SMD_ST-1185S",13.500000,-12.500000,0.000000,top
"SW3","USER","SW-SMD_ST-1185S",46.500000,-51.000000,0.000000,top
"U1","ESP32-S3-WROOM-1-N16R8","WIRELM-SMD_ESP32-S3-WROOM-1",28.000000,-16.500000,0.000000,top
"U2","TCA9548APWR","TSSOP-24_L7.8-W4.4-P0.65-LS6.4-BL",74.000000,-44.000000,0.000000,top
"U3","TPS54331DR","SOIC-8_L5.0-W4.0-P1.27-LS6.0-BL",25.000000,-45.000000,0.000000,top
"U4","CH340K","ESOP-10_L4.9-W3.9-P1.00-LS6.2-BL-EP",75.000000,-21.500000,0.000000,top
"U5","USBLC6-2SC6","SOT-23-6_L2.9-W1.6-P0.95-LS2.8-BL",74.500000,-12.000000,0.000000,top
