LCSC,Value,Footprint,Qty,Refs
-,+3V3,TestPoint:TestPoint_Pad_D1.0mm,1,TP1
-,+5V,TestPoint:TestPoint_Pad_D1.0mm,1,TP2
-,GND,TestPoint:TestPoint_Pad_D1.0mm,4,TP3 TP4 TP5 TP6
-,I2C_SDA,TestPoint:TestPoint_Pad_D1.0mm,1,TP7
-,I2C_SCL,TestPoint:TestPoint_Pad_D1.0mm,1,TP8
-,GATE1,TestPoint:TestPoint_Pad_D1.0mm,1,TP9
-,DRV1,TestPoint:TestPoint_Pad_D1.0mm,1,TP10
-,PH,TestPoint:TestPoint_Pad_D1.0mm,1,TP11
-,EN,TestPoint:TestPoint_Pad_D1.0mm,1,TP12
C125100,TX,JLC-MCP:LED0603-RD-YELLOW,1,LED4
C125100,RX,JLC-MCP:LED0603-RD-YELLOW,1,LED5
C130026,TCA9548APWR,JLC-MCP:TSSOP-24_L7.8-W4.4-P0.65-LS6.4-BL,1,U2
C13585,10uF,JLC-MCP:C1206,3,C17 C1 C9
C14675,100k,JLC-MCP:R0603,1,R3
C15008,100uF,JLC-MCP:C1206,2,C7 C8
C15849,1uF,Capacitor_SMD:C_0603_1608Metric,1,C14
C1591,100nF,Capacitor_SMD:C_0603_1608Metric,9,C6 C2 C5 C10 C12 C13 C11 C15 C16
C1653,22pF,Capacitor_SMD:C_0603_1608Metric,1,C4
C167253,6.8uH,JLC-MCP:IND-SMD_L10.2-W10.0,1,L1
C181160,SS8050,JLC-MCP:SOT-23-3_L3.0-W1.3-P1.90-LS2.5-BR,2,Q11 Q12
C20917,AO3400A,JLC-MCP:SOT-23-3_L2.9-W1.3-P1.90-LS2.4-BR,8,Q3 Q4 Q5 Q6 Q7 Q8 Q9 Q10
C21190,1k,JLC-MCP:R0603,16,R10 R11 R25 R26 R19 R20 R23 R24 R39 R40 R41 R42 R43 R44 R45 R46
C2286,PWR,JLC-MCP:LED-SMD_L1.6-W0.8-R-RD,1,LED2
C2288,USER,JLC-MCP:LED0603-RD,1,LED3
C22994,3.24k,JLC-MCP:R0603,1,R5
C23138,330R,JLC-MCP:R0603,1,R12
C23162,4.7k,JLC-MCP:R0603,2,R8 R9
C23186,5.1k,JLC-MCP:R0603,2,R1 R2
C23345,22R,JLC-MCP:R0603,2,R17 R18
C2480,SS14,JLC-MCP:SMA_L4.2-W2.6-LS5.0-RD_1,8,D4 D5 D6 D7 D8 D9 D10 D11
C25804,10k,JLC-MCP:R0603,29,R6 R4 R21 R22 R7 R13 R14 R15 R16 R27 R28 R29 R34 R30 R35 R31 R36 R32 R37 R33 R38 R47 R48 R49 R50 R51 R52 R53 R54
C2843785,WS2812B,JLC-MCP:LED-SMD_4P-L5.0-W5.0-BL_XL-5050RGBC,1,LED1
C2913202,ESP32-S3-WROOM-1-N16R8,JLC-MCP:WIRELM-SMD_ESP32-S3-WROOM-1,1,U1
C33353,2.2nF,Capacitor_SMD:C_0603_1608Metric,1,C3
C431533,DC-005,JLC-MCP:DC-IN-TH_DC005,1,J1
C456012,USB-C,JLC-MCP:TYPE-C-SMD_TYPE-C-6P_1,1,J2
C5359632,XH-4P,JLC-MCP:CONN-TH_4P-P2.54_6173868,5,J5 J6 J7 J8 J9
C5359632,DEBUG-UART,JLC-MCP:CONN-TH_4P-P2.54_6173868,1,J18
C5359632,DEBUG-GPIO,JLC-MCP:CONN-TH_4P-P2.54_6173868,1,J19
C589191,RST,JLC-MCP:SW-SMD_ST-1185S,1,SW1
C589191,BOOT,JLC-MCP:SW-SMD_ST-1185S,1,SW2
C589191,USER,JLC-MCP:SW-SMD_ST-1185S,1,SW3
C7519,USBLC6-2SC6,JLC-MCP:SOT-23-6_L2.9-W1.6-P0.95-LS2.8-BL,1,U5
C8465,VALVE,JLC-MCP:CONN-TH_2P-P5.00_WJ500V-5.08-2P,8,J10 J11 J12 J13 J14 J15 J16 J17
C8678,SS34,JLC-MCP:SMA_L4.3-W2.6-LS5.2-RD,3,D1 D2 D3
C968586,CH340K,JLC-MCP:ESOP-10_L4.9-W3.9-P1.00-LS6.2-BL-EP,1,U4
C9865,TPS54331DR,JLC-MCP:SOIC-8_L5.0-W4.0-P1.27-LS6.0-BL,1,U3
